TIMESTAMP,AZIMUTH,DISTANCE,SIGNAL_STRENGTH
1504844345916,0.0008666666666666666,127,175
-1,0.008505555555555556,122,183
-1,0.015102777777777777,108,199
-1,0.027255555555555557,83,199
-1,0.035416666666666666,43,175
-1,0.044097222222222225,44,183
-1,0.05173611111111111,42,183
-1,0.059894444444444445,51,175
-1,0.06909722222222223,42,167
-1,0.07621388888888889,38,183
-1,0.08333333333333333,35,191
-1,0.10381944444444445,24,112
-1,0.13645833333333332,20,70
-1,0.143575,17,191
-1,0.15069444444444444,18,191
-1,0.15833333333333333,19,191
-1,0.16493055555555555,12,199
-1,0.17100555555555555,14,199
-1,0.178125,18,191
-1,0.18680555555555556,24,159
-1,0.1954861111111111,25,175
-1,0.21926944444444443,20,84
-1,0.23298611111111112,15,159
-1,0.26840277777777777,22,45
-1,0.27534722222222224,51,183
-1,0.2824638888888889,57,191
-1,0.29010277777777776,56,191
-1,0.29756944444444444,57,159
-1,0.30572777777777776,54,191
-1,0.31527777777777777,57,167
-1,0.32743055555555556,67,183
-1,0.3472222222222222,47,98
-1,0.3717,64,98
-1,0.37881944444444443,67,199
-1,0.3859361111111111,68,191
-1,0.393575,66,191
-1,0.40069444444444446,71,191
-1,0.4078111111111111,71,191
-1,0.4152777777777778,77,191
-1,0.42239444444444446,97,191
-1,0.45729166666666665,1,30
-1,0.4930555555555556,150,35
-1,0.5001722222222222,152,191
-1,0.5072916666666667,139,199
-1,0.5173611111111112,215,183
-1,0.5255194444444444,173,175
-1,0.5555555555555556,250,65
-1,0.5626722222222222,339,191
-1,0.5697916666666667,341,191
-1,0.5774305555555556,346,191
-1,0.5845472222222222,348,199
-1,0.5916666666666667,346,191
-1,0.5991305555555556,348,191
-1,0.6067694444444445,352,191
-1,0.6149305555555555,359,191
-1,0.6225694444444444,369,191
-1,0.6302083333333334,378,191
-1,0.6378472222222222,380,191
-1,0.6449638888888889,357,191
-1,0.6526027777777778,331,191
-1,0.6600694444444445,314,191
-1,0.6677083333333333,297,191
-1,0.6758666666666666,281,191
-1,0.6940972222222223,100,112
-1,0.7017361111111111,81,183
-1,0.7088527777777778,79,191
-1,0.7159722222222222,76,191
-1,0.7236111111111111,79,191
-1,0.73125,75,191
-1,0.7388888888888889,74,191
-1,0.7460055555555556,77,191
-1,0.753125,74,191
-1,0.7607638888888889,73,191
-1,0.7684027777777778,71,191
-1,0.7758666666666667,78,191
-1,0.7824638888888888,197,199
-1,0.7887138888888889,194,199
-1,0.7947916666666667,192,199
-1,0.8013888888888889,192,199
-1,0.8074638888888889,195,199
-1,0.8137138888888888,192,199
-1,0.8197916666666667,194,199
-1,0.8260416666666667,195,199
-1,0.8321166666666666,197,199
-1,0.8381944444444445,200,199
-1,0.8444444444444444,201,199
-1,0.8505194444444445,205,199
-1,0.8576388888888888,207,199
-1,0.8638888888888889,211,199
-1,0.8708333333333333,214,199
-1,0.87795,199,191
-1,0.8850694444444445,193,199
-1,0.8927083333333333,169,199
-1,0.9003472222222222,158,191
-1,0.9079861111111112,158,191
-1,0.915625,163,199
-1,0.9385416666666667,168,98
-1,0.9480888888888889,154,159
-1,0.9578111111111111,145,159
-1,0.9663194444444444,141,175
-1,0.9744777777777778,139,175
-1,0.9831583333333334,134,183
-1,0.9907972222222222,131,175
1504844345916,0.0008666666666666666,130,175
-1,0.00798611111111111,119,183
-1,0.015102777777777777,108,199
-1,0.02933888888888889,75,199
-1,0.036458333333333336,44,183
-1,0.044097222222222225,38,183
-1,0.05173611111111111,39,175
-1,0.060936111111111115,48,167
-1,0.07829722222222223,43,112
-1,0.08541666666666667,37,191
-1,0.10590277777777778,25,98
-1,0.13697777777777778,18,70
-1,0.1440972222222222,22,191
-1,0.1512138888888889,18,191
-1,0.1588527777777778,20,199
-1,0.16493055555555555,15,199
-1,0.17100555555555555,18,199
-1,0.178125,14,191
-1,0.19947777777777778,20,98
-1,0.221875,22,98
-1,0.25676944444444444,19,45
-1,0.2789916666666667,47,98
-1,0.2859361111111111,58,199
-1,0.293575,58,191
-1,0.30104166666666665,57,191
-1,0.3092,50,191
-1,0.31840277777777776,63,159
-1,0.3432277777777778,49,84
-1,0.3579861111111111,49,183
-1,0.3651027777777778,64,183
-1,0.3727416666666667,65,191
-1,0.38038055555555556,65,191
-1,0.3875,69,199
-1,0.39444444444444443,68,191
-1,0.4015611111111111,72,191
-1,0.40868055555555555,73,191
-1,0.41631944444444446,74,199
-1,0.4331583333333333,106,191
-1,0.46805555555555556,1,30
-1,0.5001722222222222,148,70
-1,0.50625,142,199
-1,0.5149305555555556,228,183
-1,0.5220472222222222,167,183
-1,0.5305555555555556,198,183
-1,0.5571166666666667,273,72
-1,0.5642361111111112,338,183
-1,0.5713527777777778,344,191
-1,0.5782972222222222,344,191
-1,0.5859361111111111,347,191
-1,0.593575,346,191
-1,0.6012138888888889,350,191
-1,0.6088527777777778,352,191
-1,0.6164916666666667,363,191
-1,0.6241305555555555,369,191
-1,0.6317694444444445,378,191
-1,0.6394083333333334,379,191
-1,0.646875,350,191
-1,0.6545138888888888,324,191
-1,0.6621527777777778,309,199
-1,0.6697916666666667,289,191
-1,0.6774305555555555,279,191
-1,0.6951388888888889,88,126
-1,0.7022555555555555,81,183
-1,0.709375,79,191
-1,0.7170138888888888,75,191
-1,0.7246527777777778,75,191
-1,0.7322916666666667,72,191
-1,0.7399305555555555,73,191
-1,0.7470472222222222,72,191
-1,0.7541666666666667,71,199
-1,0.7612833333333333,70,191
-1,0.7684027777777778,69,191
-1,0.7753472222222222,73,191
-1,0.7815972222222223,194,199
-1,0.7887138888888889,192,199
-1,0.7958333333333333,193,199
-1,0.8034722222222223,191,199
-1,0.8105888888888889,192,199
-1,0.8168388888888889,192,199
-1,0.8239583333333333,193,199
-1,0.831075,194,199
-1,0.837325,197,199
-1,0.8444444444444444,199,199
-1,0.8515611111111111,203,199
-1,0.8571166666666666,206,199
-1,0.8642361111111111,208,199
-1,0.8713527777777778,211,199
-1,0.8789916666666666,194,199
-1,0.8861111111111111,189,199
-1,0.8927083333333333,166,199
-1,0.899825,157,191
-1,0.9069444444444444,156,191
-1,0.9145833333333333,158,199
-1,0.9394083333333333,165,98
-1,0.9475694444444445,154,167
-1,0.9567694444444445,148,167
-1,0.96545,135,175
-1,0.9739583333333334,136,183
-1,0.9826388888888888,130,167
-1,0.9913194444444444,127,175
-1,0.9984361111111111,126,175
1504844345917,0.006075,123,183
-1,0.013194444444444444,115,191
-1,0.020658333333333334,110,199
-1,0.040625,43,98
-1,0.04861111111111111,45,175
-1,0.05781111111111111,50,175
-1,0.06805555555555555,52,159
-1,0.07673611111111112,35,175
-1,0.08385277777777778,37,191
-1,0.09409722222222222,33,159
-1,0.10190833333333334,24,175
-1,0.11718611111111112,18,167
-1,0.1390611111111111,18,98
-1,0.14618055555555556,19,191
-1,0.15329722222222222,22,191
-1,0.15989444444444445,15,199
-1,0.16597222222222222,14,199
-1,0.1720472222222222,15,199
-1,0.17916666666666667,14,191
-1,0.20104166666666667,23,98
-1,0.22395833333333334,22,98
-1,0.25833333333333336,15,45
-1,0.2803805555555556,50,98
-1,0.2875,54,191
-1,0.2960055555555556,62,191
-1,0.303125,54,191
-1,0.312325,55,183
-1,0.33871388888888887,62,84
-1,0.3458333333333333,38,183
-1,0.3701388888888889,67,84
-1,0.37725555555555557,65,191
-1,0.38489444444444443,68,191
-1,0.3914916666666667,69,199
-1,0.39861111111111114,72,191
-1,0.40625,73,191
-1,0.41388888888888886,75,191
-1,0.4215277777777778,91,191
-1,0.4578111111111111,1,35
-1,0.4930555555555556,135,35
-1,0.5006944444444444,153,191
-1,0.5083333333333333,155,199
-1,0.5173611111111112,205,191
-1,0.5255194444444444,174,175
-1,0.556075,249,70
-1,0.5631944444444444,339,191
-1,0.5708333333333333,341,191
-1,0.57795,348,191
-1,0.5854166666666667,351,199
-1,0.5930555555555556,345,199
-1,0.6006944444444444,350,191
-1,0.6083333333333333,357,191
-1,0.6159722222222223,361,191
-1,0.6230888888888889,368,191
-1,0.6302083333333334,374,191
-1,0.637325,386,191
-1,0.6449638888888889,357,191
-1,0.6520833333333333,335,191
-1,0.6597222222222222,319,191
-1,0.6671861111111111,298,191
-1,0.674825,280,191
-1,0.6940972222222223,101,112
-1,0.7012138888888889,81,183
-1,0.7083333333333334,79,199
-1,0.71545,78,191
-1,0.7225694444444445,77,191
-1,0.7302083333333333,73,191
-1,0.7378472222222222,74,191
-1,0.7454861111111111,72,199
-1,0.753125,72,191
-1,0.7602416666666667,70,191
-1,0.7673611111111112,69,191
-1,0.7744777777777778,70,191
-1,0.781075,195,199
-1,0.7871527777777778,194,199
-1,0.7932277777777778,193,199
-1,0.7993055555555556,192,199
-1,0.8055555555555556,194,199
-1,0.8116305555555555,192,199
-1,0.8177083333333334,193,199
-1,0.8239583333333333,194,199
-1,0.8300333333333333,195,199
-1,0.8362833333333334,197,199
-1,0.8423611111111111,199,199
-1,0.8484361111111111,201,199
-1,0.85625,205,199
-1,0.862325,209,199
-1,0.8684027777777777,212,199
-1,0.8744777777777778,211,199
-1,0.8805555555555555,193,199
-1,0.8876722222222222,187,191
-1,0.8953111111111111,166,199
-1,0.90295,156,199
-1,0.9105888888888889,157,199
-1,0.9196166666666666,174,191
-1,0.9420138888888889,160,98
-1,0.9506944444444444,149,167
-1,0.9588527777777778,147,175
-1,0.9678805555555555,147,175
-1,0.9765611111111111,141,175
-1,0.9847222222222223,132,175
-1,0.9923611111111111,127,183
-1,0.9994777777777778,125,183
1504844345917,0.006944444444444444,122,183
-1,0.014061111111111111,109,199
-1,0.02638888888888889,91,199
-1,0.03489444444444444,47,175
-1,0.043575,45,183
-1,0.052255555555555555,43,175
-1,0.060936111111111115,48,183
-1,0.07829722222222223,39,112
-1,0.08541666666666667,37,191
-1,0.09409722222222222,30,159
-1,0.10190833333333334,18,175
-1,0.11718611111111112,14,167
-1,0.13958333333333334,22,98
-1,0.1467,14,191
-1,0.1543388888888889,19,191
-1,0.1609361111111111,15,199
-1,0.16701388888888888,12,199
-1,0.17308888888888888,15,199
-1,0.18020833333333333,15,191
-1,0.20208333333333334,20,98
-1,0.22534722222222223,15,84
-1,0.2612833333333333,13,40
-1,0.2809027777777778,53,98
-1,0.28801944444444444,57,191
-1,0.2965277777777778,60,183
-1,0.30364444444444444,55,191
-1,0.312325,52,191
-1,0.32083333333333336,65,167
-1,0.3453111111111111,48,98
-1,0.36961666666666665,59,84
-1,0.3767361111111111,64,191
-1,0.384375,67,191
-1,0.3920138888888889,66,199
-1,0.3996527777777778,72,191
-1,0.40729166666666666,74,191
-1,0.4149305555555556,75,199
-1,0.42239444444444446,96,191
-1,0.4583333333333333,1,45
-1,0.493575,145,40
-1,0.5012138888888888,151,183
-1,0.5088527777777778,167,199
-1,0.5178805555555556,195,183
-1,0.5265611111111111,178,183
-1,0.5555555555555556,254,65
-1,0.5626722222222222,338,191
-1,0.5703111111111111,342,191
-1,0.57795,347,199
-1,0.5854166666666667,350,191
-1,0.5930555555555556,346,199
-1,0.6006944444444444,349,191
-1,0.6083333333333333,355,191
-1,0.6159722222222223,363,191
-1,0.6230888888888889,369,191
-1,0.6302083333333334,377,191
-1,0.6378472222222222,381,191
-1,0.6454861111111111,355,191
-1,0.65295,330,183
-1,0.6605888888888889,312,191
-1,0.6677083333333333,297,191
-1,0.6758666666666666,281,191
-1,0.6946166666666667,97,112
-1,0.7022555555555555,81,183
-1,0.709375,79,191
-1,0.7164916666666666,76,191
-1,0.7241305555555556,76,191
-1,0.73125,74,191
-1,0.7383666666666666,74,191
-1,0.7454861111111111,73,191
-1,0.753125,73,191
-1,0.7607638888888889,69,191
-1,0.7678805555555556,70,191
-1,0.775,76,191
-1,0.7821166666666667,195,199
-1,0.7890611111111111,197,199
-1,0.7953111111111111,192,199
-1,0.8024305555555555,190,199
-1,0.8095472222222222,193,199
-1,0.8168388888888889,193,199
-1,0.8244777777777778,193,199
-1,0.8305555555555556,196,199
-1,0.8368055555555556,199,199
-1,0.8428805555555555,202,199
-1,0.8489583333333334,202,199
-1,0.8552083333333333,205,199
-1,0.8612833333333333,208,199
-1,0.8673611111111111,212,199
-1,0.8744777777777778,213,191
-1,0.881075,198,199
-1,0.8881944444444444,184,199
-1,0.8953111111111111,164,199
-1,0.9024305555555555,156,191
-1,0.9095472222222222,157,199
-1,0.918575,165,191
-1,0.9409722222222222,160,98
-1,0.9506944444444444,155,175
-1,0.9592,147,175
-1,0.9673611111111111,142,175
-1,0.9760416666666667,139,175
-1,0.9852416666666667,135,175
-1,0.9923611111111111,128,183
1504844345917,0.00034722222222222224,128,183
-1,0.00798611111111111,122,183
-1,0.014583333333333334,112,199
-1,0.026908333333333333,86,199
-1,0.035416666666666666,40,183
-1,0.044097222222222225,39,175
-1,0.052255555555555555,42,183
-1,0.06180555555555556,39,167
-1,0.07065833333333334,38,167
-1,0.07777777777777778,37,191
-1,0.08489444444444444,38,191
-1,0.10486111111111111,23,98
-1,0.13454722222222223,19,70
-1,0.14166666666666666,18,191
-1,0.14930555555555555,15,183
-1,0.1564222222222222,17,191
-1,0.16301944444444444,17,199
-1,0.16909722222222223,14,199
-1,0.1762138888888889,17,199
-1,0.18628333333333333,19,159
-1,0.19496388888888888,12,175
-1,0.21979166666666666,20,84
-1,0.2546861111111111,20,50
-1,0.2789916666666667,49,84
-1,0.2859361111111111,55,191
-1,0.29305555555555557,63,191
-1,0.30069444444444443,55,191
-1,0.3092,52,191
-1,0.3189222222222222,64,159
-1,0.34270833333333334,52,84
-1,0.3548611111111111,57,183
-1,0.37222222222222223,66,112
-1,0.3793388888888889,64,191
-1,0.38697777777777775,69,191
-1,0.3940972222222222,68,191
-1,0.40121388888888887,71,191
-1,0.40815833333333335,72,191
-1,0.4152777777777778,75,191
-1,0.42239444444444446,96,191
-1,0.4583333333333333,1,35
-1,0.493575,144,40
-1,0.5012138888888888,153,191
-1,0.5088527777777778,163,199
-1,0.5178805555555556,207,191
-1,0.5260416666666666,175,191
-1,0.5550333333333334,252,65
-1,0.5621527777777777,339,191
-1,0.5692694444444445,343,191
-1,0.5769083333333334,345,191
-1,0.5840277777777778,351,191
-1,0.5916666666666667,347,199
-1,0.5991305555555556,346,191
-1,0.6067694444444445,356,191
-1,0.6149305555555555,361,191
-1,0.6225694444444444,370,199
-1,0.6302083333333334,375,191
-1,0.6378472222222222,381,191
-1,0.6454861111111111,358,191
-1,0.65295,330,191
-1,0.6605888888888889,313,191
-1,0.6682277777777778,294,191
-1,0.674825,278,191
-1,0.6861111111111111,129,191
-1,0.6932277777777778,88,191
-1,0.7003472222222222,80,191
-1,0.7078111111111111,78,191
-1,0.7149305555555555,76,191
-1,0.7225694444444445,77,191
-1,0.7302083333333333,74,191
-1,0.7378472222222222,71,191
-1,0.7454861111111111,73,191
-1,0.753125,73,191
-1,0.7607638888888889,68,183
-1,0.7692694444444445,70,191
-1,0.7763888888888889,77,191
-1,0.7835055555555556,195,199
-1,0.7911444444444444,195,199
-1,0.7972222222222223,191,199
-1,0.8045138888888889,193,199
-1,0.8116305555555555,193,199
-1,0.81875,194,199
-1,0.8260416666666667,194,199
-1,0.8326388888888889,196,199
-1,0.8387138888888889,198,199
-1,0.8449638888888888,200,199
-1,0.8510416666666667,204,199
-1,0.8567694444444445,206,199
-1,0.8628472222222222,209,199
-1,0.8689222222222223,212,199
-1,0.8760416666666667,206,191
-1,0.8826388888888889,197,199
-1,0.8897555555555555,178,199
-1,0.896875,160,199
-1,0.9039916666666666,156,191
-1,0.9114583333333334,158,191
-1,0.9211805555555556,177,175
-1,0.9451388888888889,162,98
-1,0.953125,150,167
-1,0.962325,145,167
-1,0.9694444444444444,137,183
-1,0.978125,135,167
-1,0.9866305555555556,133,175
-1,0.9953111111111111,128,175
1504844345918,0.003472222222222222,125,183
-1,0.011111111111111112,118,183
-1,0.017708333333333333,108,199
-1,0.04010277777777778,49,98
-1,0.04861111111111111,44,183
-1,0.05676944444444444,48,183
-1,0.06597222222222222,43,167
-1,0.07413055555555556,47,167
-1,0.08176944444444445,38,191
-1,0.09166666666666666,38,175
-1,0.099825,27,183
-1,0.10746388888888889,23,191
-1,0.1375,19,70
-1,0.14461666666666667,18,175
-1,0.1517361111111111,20,191
-1,0.1588527777777778,18,199
-1,0.16597222222222222,14,199
-1,0.17256944444444444,15,199
-1,0.18125,20,183
-1,0.18993055555555555,14,167
-1,0.21475555555555556,23,84
-1,0.22447777777777778,18,175
-1,0.25989444444444443,24,45
-1,0.28142222222222224,50,98
-1,0.28854166666666664,58,199
-1,0.2960055555555556,59,183
-1,0.30364444444444444,56,191
-1,0.3137138888888889,56,191
-1,0.3234361111111111,67,167
-1,0.3458333333333333,48,98
-1,0.3706583333333333,64,84
-1,0.37777777777777777,65,191
-1,0.38489444444444443,70,191
-1,0.39253333333333335,68,199
-1,0.3996527777777778,73,191
-1,0.40625,73,191
-1,0.41336666666666666,74,191
-1,0.4204861111111111,89,191
-1,0.4557277777777778,1,45
-1,0.49149166666666666,137,50
-1,0.4986111111111111,149,191
-1,0.5052083333333334,134,199
-1,0.5138888888888888,235,183
-1,0.5210055555555556,162,191
-1,0.5296861111111111,199,175
-1,0.5571166666666667,267,72
-1,0.5642361111111112,340,191
-1,0.5713527777777778,344,191
-1,0.5788194444444444,348,191
-1,0.5859361111111111,350,199
-1,0.593575,345,191
-1,0.6012138888888889,352,191
-1,0.6088527777777778,358,191
-1,0.6164916666666667,361,191
-1,0.6241305555555555,371,191
-1,0.63125,381,191
-1,0.6388888888888888,379,191
-1,0.6463527777777778,354,191
-1,0.6539916666666666,329,191
-1,0.6616305555555556,308,191
-1,0.6692694444444445,294,191
-1,0.6774305555555555,278,191
-1,0.6946166666666667,90,126
-1,0.7017361111111111,81,191
-1,0.709375,78,191
-1,0.7170138888888888,77,191
-1,0.7246527777777778,74,191
-1,0.7322916666666667,75,191
-1,0.7399305555555555,73,191
-1,0.7470472222222222,70,191
-1,0.7546861111111111,73,199
-1,0.7621527777777778,68,191
-1,0.7697916666666667,68,191
-1,0.7784722222222222,122,191
-1,0.7845472222222222,195,199
-1,0.790625,193,199
-1,0.7963527777777778,191,199
-1,0.8024305555555555,192,199
-1,0.8085055555555556,194,199
-1,0.8147555555555556,193,199
-1,0.821875,195,199
-1,0.8289916666666667,194,199
-1,0.8357638888888889,197,199
-1,0.8418388888888889,197,199
-1,0.8479166666666667,201,199
-1,0.8541666666666666,205,199
-1,0.8602416666666667,209,199
-1,0.8663194444444444,209,199
-1,0.8734361111111111,215,199
-1,0.8800333333333333,194,199
-1,0.8871527777777778,191,199
-1,0.8942694444444445,165,199
-1,0.9013888888888889,156,191
-1,0.9090277777777778,159,191
-1,0.9161444444444444,161,191
-1,0.9385416666666667,166,98
-1,0.9475694444444445,152,167
-1,0.95625,149,167
-1,0.9649305555555555,141,175
-1,0.9729166666666667,139,191
-1,0.9805555555555555,128,183
-1,0.9881944444444445,133,175
-1,0.9958333333333333,129,183
1504844345918,0.003991666666666667,123,183
-1,0.011630555555555555,114,191
-1,0.018227777777777777,110,199
-1,0.040625,50,98
-1,0.04913055555555555,47,183
-1,0.05781111111111111,48,175
-1,0.06649166666666667,50,175
-1,0.07361111111111111,38,183
-1,0.08090277777777778,38,191
-1,0.09010277777777778,35,183
-1,0.09878333333333333,28,167
-1,0.10590277777777778,18,183
-1,0.13801944444444444,19,70
-1,0.1451388888888889,15,191
-1,0.1527777777777778,18,191
-1,0.1588527777777778,19,199
-1,0.16493055555555555,13,199
-1,0.17100555555555555,18,199
-1,0.178125,18,191
-1,0.19947777777777778,15,98
-1,0.22291666666666668,22,98
-1,0.25833333333333336,13,45
-1,0.28142222222222224,49,98
-1,0.28854166666666664,56,191
-1,0.29565833333333336,58,183
-1,0.303125,54,191
-1,0.312325,58,191
-1,0.32083333333333336,64,167
-1,0.34479166666666666,49,98
-1,0.3609361111111111,66,175
-1,0.3680555555555556,67,191
-1,0.37569444444444444,67,191
-1,0.38333333333333336,70,191
-1,0.3909722222222222,69,191
-1,0.39861111111111114,73,191
-1,0.40625,73,191
-1,0.41388888888888886,75,191
-1,0.4215277777777778,93,191
-1,0.45729166666666665,1,30
-1,0.4930555555555556,145,35
-1,0.5001722222222222,153,191
-1,0.5072916666666667,154,199
-1,0.5164916666666667,217,183
-1,0.5236111111111111,169,183
-1,0.5336805555555556,204,167
-1,0.5439222222222222,198,175
-1,0.5626722222222222,334,112
-1,0.5697916666666667,343,191
-1,0.5769083333333334,348,191
-1,0.5840277777777778,347,199
-1,0.5916666666666667,347,191
-1,0.5991305555555556,348,191
-1,0.6067694444444445,355,191
-1,0.6149305555555555,363,199
-1,0.6225694444444444,371,183
-1,0.6302083333333334,377,191
-1,0.6378472222222222,383,191
-1,0.6454861111111111,356,191
-1,0.65295,332,191
-1,0.6600694444444445,315,191
-1,0.6677083333333333,297,191
-1,0.6753472222222222,282,191
-1,0.6946166666666667,102,112
-1,0.7017361111111111,84,183
-1,0.709375,82,191
-1,0.7170138888888888,79,191
-1,0.7246527777777778,78,191
-1,0.7322916666666667,74,191
-1,0.7399305555555555,75,191
-1,0.7475694444444444,77,191
-1,0.7546861111111111,73,191
-1,0.7621527777777778,72,191
-1,0.7697916666666667,70,191
-1,0.7789916666666666,124,183
-1,0.7855888888888889,198,199
-1,0.7927083333333333,193,199
-1,0.7987833333333333,193,199
-1,0.8050333333333334,193,199
-1,0.8111111111111111,195,199
-1,0.8171861111111111,193,199
-1,0.8234361111111111,195,199
-1,0.8295138888888889,195,199
-1,0.8357638888888889,199,199
-1,0.8418388888888889,202,199
-1,0.8479166666666667,202,199
-1,0.8541666666666666,205,199
-1,0.8597222222222223,207,199
-1,0.8657972222222222,210,199
-1,0.8729166666666667,214,199
-1,0.8795138888888889,195,199
-1,0.8866305555555556,191,199
-1,0.89375,165,191
-1,0.9008666666666667,156,199
-1,0.9079861111111112,157,191
-1,0.915625,163,191
-1,0.9394083333333333,164,98
-1,0.9486111111111111,155,167
-1,0.9583333333333334,139,159
-1,0.9668388888888889,143,175
-1,0.9755194444444445,134,167
-1,0.9842,132,183
-1,0.9913194444444444,132,183
-1,0.9989583333333333,130,183
1504844345918,0.006597222222222222,125,191
-1,0.013194444444444444,113,199
-1,0.02031111111111111,109,199
-1,0.040625,47,98
-1,0.04913055555555555,42,175
-1,0.057291666666666664,42,175
-1,0.06701388888888889,44,175
-1,0.07413055555555556,42,175
-1,0.08176944444444445,39,191
-1,0.0920138888888889,32,167
-1,0.10086666666666666,20,175
-1,0.11458333333333333,29,183
-1,0.1390611111111111,23,84
-1,0.14618055555555556,14,191
-1,0.15329722222222222,18,191
-1,0.15989444444444445,18,199
-1,0.16597222222222222,13,199
-1,0.1720472222222222,19,199
-1,0.18072777777777776,19,183
-1,0.18940833333333335,27,167
-1,0.19895833333333332,25,167
-1,0.22395833333333334,24,84
-1,0.259375,19,40
-1,0.2803805555555556,51,98
-1,0.28854166666666664,56,199
-1,0.29704722222222224,61,183
-1,0.30416666666666664,54,199
-1,0.3128472222222222,56,191
-1,0.3229166666666667,65,159
-1,0.3453111111111111,39,98
-1,0.3701388888888889,63,84
-1,0.37725555555555557,64,191
-1,0.384375,68,191
-1,0.3914916666666667,67,199
-1,0.39861111111111114,71,191
-1,0.40625,73,191
-1,0.41388888888888886,74,191
-1,0.4215277777777778,91,191
-1,0.4578111111111111,1,40
-1,0.4930555555555556,144,35
-1,0.5006944444444444,151,191
-1,0.5083333333333333,154,199
-1,0.5184027777777778,204,183
-1,0.5270833333333333,180,191
-1,0.556075,255,65
-1,0.5631944444444444,338,191
-1,0.5708333333333333,344,191
-1,0.5782972222222222,345,191
-1,0.5854166666666667,349,191
-1,0.5925333333333334,347,191
-1,0.6001722222222222,351,191
-1,0.6078111111111111,354,191
-1,0.61545,363,191
-1,0.6230888888888889,372,191
-1,0.6307277777777778,379,191
-1,0.6383666666666666,382,191
-1,0.6460055555555556,355,191
-1,0.6534722222222222,329,191
-1,0.6611111111111111,309,199
-1,0.66875,294,191
-1,0.6769083333333333,279,191
-1,0.6946166666666667,95,112
-1,0.7017361111111111,81,191
-1,0.7088527777777778,81,191
-1,0.7159722222222222,79,191
-1,0.7236111111111111,74,191
-1,0.73125,73,191
-1,0.7383666666666666,75,199
-1,0.7454861111111111,71,191
-1,0.753125,73,191
-1,0.7607638888888889,70,191
-1,0.7684027777777778,69,191
-1,0.7758666666666667,91,183
-1,0.7824638888888888,194,199
-1,0.7887138888888889,194,199
-1,0.7953111111111111,191,199
-1,0.8019083333333333,193,199
-1,0.8079861111111111,192,199
-1,0.8142361111111112,193,199
-1,0.8203111111111111,192,199
-1,0.8265611111111111,194,199
-1,0.8326388888888889,199,199
-1,0.8387138888888889,199,199
-1,0.8449638888888888,200,199
-1,0.8510416666666667,204,199
-1,0.8571166666666666,207,199
-1,0.8633666666666666,210,199
-1,0.8694444444444445,211,199
-1,0.8765611111111111,205,199
-1,0.8842,198,199
-1,0.8916666666666667,172,199
-1,0.8993055555555556,159,199
-1,0.9069444444444444,156,199
-1,0.9135416666666667,159,199
-1,0.9375,168,84
-1,0.9470472222222223,154,167
-1,0.95625,150,167
-1,0.9644083333333333,142,183
-1,0.9720472222222222,136,191
-1,0.981075,133,167
-1,0.9892361111111111,127,175
-1,0.9984361111111111,126,175
1504844345919,0.006075,123,183
-1,0.013194444444444444,111,199
-1,0.019791666666666666,112,199
-1,0.04097222222222222,43,98
-1,0.04808888888888889,43,175
-1,0.05572777777777778,45,183
-1,0.06493055555555556,48,167
-1,0.07361111111111111,42,167
-1,0.08090277777777778,38,191
-1,0.09114444444444444,37,175
-1,0.09878333333333333,24,183
-1,0.10642222222222222,20,183
-1,0.13697777777777778,20,70
-1,0.1440972222222222,20,183
-1,0.1517361111111111,18,183
-1,0.159375,18,191
-1,0.16597222222222222,13,199
-1,0.1720472222222222,18,199
-1,0.17916666666666667,12,191
-1,0.18836666666666665,24,159
-1,0.19791666666666666,17,159
-1,0.22291666666666668,24,84
-1,0.2578111111111111,7,40
-1,0.28003333333333336,49,98
-1,0.2869777777777778,54,199
-1,0.2951388888888889,63,191
-1,0.3020833333333333,55,191
-1,0.31180555555555556,58,191
-1,0.3203111111111111,69,175
-1,0.34426944444444446,49,84
-1,0.36041666666666666,55,183
-1,0.3680555555555556,62,191
-1,0.37517222222222224,65,191
-1,0.38229166666666664,63,191
-1,0.38993055555555556,65,191
-1,0.3970472222222222,70,191
-1,0.40468611111111114,69,199
-1,0.412325,72,191
-1,0.4199638888888889,83,191
-1,0.4557277777777778,1,50
-1,0.4909722222222222,152,45
-1,0.49756944444444445,145,199
-1,0.5046861111111111,137,191
-1,0.5128472222222222,233,175
-1,0.5204861111111111,163,191
-1,0.5296861111111111,196,175
-1,0.5571166666666667,263,72
-1,0.5642361111111112,336,191
-1,0.5717,343,191
-1,0.5788194444444444,344,191
-1,0.5864583333333333,347,191
-1,0.5940972222222223,346,191
-1,0.6017361111111111,351,191
-1,0.609375,355,191
-1,0.6170138888888889,363,191
-1,0.6246527777777777,368,191
-1,0.6322916666666667,382,191
-1,0.6397555555555555,372,191
-1,0.6473944444444445,347,191
-1,0.6550333333333334,321,191
-1,0.6626722222222222,308,191
-1,0.6703111111111111,288,191
-1,0.67795,275,191
-1,0.6866305555555555,90,159
-1,0.69375,90,191
-1,0.7012138888888889,78,191
-1,0.7088527777777778,77,191
-1,0.7164916666666666,76,191
-1,0.7241305555555556,74,191
-1,0.7317694444444445,73,191
-1,0.7399305555555555,71,191
-1,0.7475694444444444,73,191
-1,0.7546861111111111,72,199
-1,0.7621527777777778,71,191
-1,0.7697916666666667,71,191
-1,0.7789916666666666,126,183
-1,0.7861111111111111,195,199
-1,0.7932277777777778,192,199
-1,0.799825,191,199
-1,0.8069444444444445,192,199
-1,0.8137138888888888,192,199
-1,0.8197916666666667,194,199
-1,0.8260416666666667,194,199
-1,0.8321166666666666,196,199
-1,0.8381944444444445,200,199
-1,0.8444444444444444,201,199
-1,0.8505194444444445,205,199
-1,0.8567694444444445,206,199
-1,0.8638888888888889,209,199
-1,0.8708333333333333,213,199
-1,0.8770833333333333,196,199
-1,0.8842,196,199
-1,0.8916666666666667,172,191
-1,0.8987833333333334,161,199
-1,0.9064222222222222,157,191
-1,0.9140611111111111,158,199
-1,0.9380194444444444,166,98
-1,0.9475694444444445,155,167
-1,0.9557277777777777,151,167
-1,0.9644083333333333,140,167
-1,0.9720472222222222,135,183
-1,0.9805555555555555,135,175
-1,0.9892361111111111,127,167
-1,0.9979166666666667,128,183
1504844345919,0.005555555555555556,129,191
-1,0.012152777777777778,114,199
-1,0.018227777777777777,110,199
-1,0.040625,47,98
-1,0.04913055555555555,38,183
-1,0.05781111111111111,50,183
-1,0.06805555555555555,45,167
-1,0.07517222222222222,37,183
-1,0.08281111111111111,39,191
-1,0.09305555555555556,29,167
-1,0.10190833333333334,19,183
-1,0.11406111111111111,25,183
-1,0.13854166666666667,18,84
-1,0.14565833333333333,18,191
-1,0.15329722222222222,13,199
-1,0.15989444444444445,19,199
-1,0.16597222222222222,12,199
-1,0.1720472222222222,18,199
-1,0.18072777777777776,17,191
-1,0.20208333333333334,23,98
-1,0.22447777777777778,15,98
-1,0.259375,24,45
-1,0.28003333333333336,50,98
-1,0.2869777777777778,57,191
-1,0.29565833333333336,58,183
-1,0.3020833333333333,55,191
-1,0.3102416666666667,55,191
-1,0.33611111111111114,63,84
-1,0.3432277777777778,34,183
-1,0.3574638888888889,56,183
-1,0.3645833333333333,63,167
-1,0.3717,65,191
-1,0.3793388888888889,66,199
-1,0.38697777777777775,69,191
-1,0.39444444444444443,68,191
-1,0.40208333333333335,69,183
-1,0.4097222222222222,74,191
-1,0.4173611111111111,74,191
-1,0.4526027777777778,129,45
-1,0.48854166666666665,1,45
-1,0.49461666666666665,136,199
-1,0.5017361111111112,150,183
-1,0.509375,171,199
-1,0.5178805555555556,198,183
-1,0.525,177,191
-1,0.55,209,84
-1,0.5565972222222222,343,191
-1,0.5637138888888888,338,191
-1,0.5713527777777778,339,191
-1,0.5788194444444444,347,191
-1,0.5864583333333333,349,199
-1,0.5940972222222223,344,191
-1,0.6017361111111111,350,191
-1,0.609375,357,191
-1,0.6175333333333334,363,191
-1,0.6246527777777777,371,191
-1,0.6317694444444445,379,191
-1,0.6394083333333334,380,191
-1,0.6463527777777778,351,191
-1,0.6534722222222222,329,191
-1,0.6605888888888889,312,191
-1,0.6682277777777778,294,191
-1,0.6758666666666666,280,191
-1,0.6855888888888889,125,183
-1,0.6927083333333334,91,191
-1,0.699825,80,183
-1,0.7074638888888889,82,191
-1,0.7144083333333333,77,191
-1,0.7220472222222222,77,191
-1,0.7296861111111111,74,191
-1,0.737325,73,191
-1,0.7449638888888889,73,191
-1,0.7526027777777777,73,199
-1,0.7602416666666667,72,191
-1,0.7678805555555556,70,191
-1,0.7753472222222222,77,191
-1,0.7821166666666667,198,199
-1,0.7881944444444444,194,199
-1,0.7942694444444445,195,199
-1,0.8003472222222222,192,199
-1,0.8074638888888889,195,199
-1,0.8137138888888888,195,199
-1,0.8197916666666667,194,199
-1,0.8260416666666667,198,199
-1,0.8321166666666666,196,199
-1,0.8392361111111111,198,199
-1,0.8465277777777778,201,199
-1,0.8536444444444444,205,199
-1,0.8597222222222223,209,199
-1,0.8657972222222222,211,199
-1,0.8729166666666667,215,199
-1,0.8800333333333333,197,199
-1,0.8866305555555556,187,199
-1,0.89375,164,199
-1,0.9008666666666667,158,191
-1,0.9079861111111112,158,191
-1,0.9151027777777778,162,191
-1,0.9385416666666667,166,98
-1,0.9470472222222223,157,167
-1,0.9557277777777777,152,167
-1,0.9644083333333333,143,175
-1,0.9715277777777778,142,191
-1,0.9805555555555555,139,175
-1,0.9892361111111111,127,183
-1,0.9963527777777778,132,175
1504844345919,0.0045138888888888885,128,175
-1,0.012152777777777778,115,183
-1,0.01875,111,199
-1,0.04097222222222222,47,98
-1,0.049652777777777775,48,175
-1,0.058333333333333334,49,183
-1,0.06805555555555555,43,159
-1,0.07673611111111112,35,175
-1,0.08385277777777778,37,191
-1,0.09409722222222222,40,159
-1,0.10277777777777777,23,183
-1,0.11770833333333333,12,167
-1,0.14010277777777777,17,98
-1,0.14722222222222223,19,191
-1,0.1543388888888889,19,191
-1,0.16145833333333334,18,199
-1,0.168575,18,199
-1,0.17569444444444443,14,199
-1,0.1857638888888889,25,167
-1,0.19444444444444445,15,167
-1,0.20555555555555555,28,159
-1,0.23055555555555557,18,84
-1,0.26579722222222224,19,45
-1,0.2829861111111111,56,126
-1,0.29010277777777776,59,191
-1,0.29756944444444444,59,167
-1,0.30572777777777776,56,191
-1,0.31579722222222223,57,167
-1,0.32743055555555556,74,183
-1,0.3472222222222222,47,112
-1,0.37118055555555557,66,98
-1,0.37829722222222223,64,191
-1,0.3854166666666667,70,191
-1,0.39253333333333335,67,191
-1,0.3996527777777778,73,191
-1,0.40676944444444446,74,191
-1,0.4144083333333333,76,191
-1,0.421875,94,191
-1,0.4583333333333333,1,35
-1,0.493575,145,40
-1,0.5012138888888888,155,191
-1,0.5088527777777778,164,199
-1,0.5178805555555556,206,183
-1,0.525,180,183
-1,0.5352416666666666,210,159
-1,0.5447916666666667,206,191
-1,0.5621527777777777,333,112
-1,0.5692694444444445,341,191
-1,0.5769083333333334,345,191
-1,0.5845472222222222,351,199
-1,0.5920138888888888,345,191
-1,0.5996527777777778,348,191
-1,0.6072916666666667,352,191
-1,0.61545,362,199
-1,0.6230888888888889,368,191
-1,0.6307277777777778,376,191
-1,0.6383666666666666,381,191
-1,0.6460055555555556,357,191
-1,0.6534722222222222,328,191
-1,0.6611111111111111,313,191
-1,0.66875,294,191
-1,0.6763888888888889,278,191
-1,0.6940972222222223,94,126
-1,0.7012138888888889,79,183
-1,0.7088527777777778,77,191
-1,0.7164916666666666,79,191
-1,0.7241305555555556,74,191
-1,0.7317694444444445,74,191
-1,0.7394083333333333,74,191
-1,0.7465277777777778,78,191
-1,0.7536444444444445,73,199
-1,0.7607638888888889,72,191
-1,0.7678805555555556,69,191
-1,0.7753472222222222,77,191
-1,0.7821166666666667,196,199
-1,0.7881944444444444,194,199
-1,0.7942694444444445,193,199
-1,0.8003472222222222,193,199
-1,0.8065972222222222,194,199
-1,0.8131944444444444,193,199
-1,0.8197916666666667,194,199
-1,0.8260416666666667,198,199
-1,0.8321166666666666,196,199
-1,0.8381944444444445,200,199
-1,0.8444444444444444,201,199
-1,0.8505194444444445,204,199
-1,0.8567694444444445,207,199
-1,0.8638888888888889,209,199
-1,0.8708333333333333,215,199
-1,0.87795,200,199
-1,0.8842,195,199
-1,0.8911444444444444,175,199
-1,0.8982638888888889,161,199
-1,0.9053805555555555,157,191
-1,0.9125,159,199
-1,0.9369777777777778,166,98
-1,0.9451388888888889,159,159
-1,0.9541666666666667,150,167
-1,0.9628472222222222,145,175
-1,0.9715277777777778,138,183
-1,0.9786444444444444,136,175
-1,0.9862833333333333,130,175
-1,0.9932277777777778,129,183
1504844345920,0.0019083333333333333,123,175
-1,0.009547222222222223,122,183
-1,0.016144444444444444,109,199
-1,0.028297222222222224,68,191
-1,0.036977777777777776,42,183
-1,0.045658333333333335,42,175
-1,0.05277777777777778,45,183
-1,0.061283333333333335,42,175
-1,0.07013888888888889,38,159
-1,0.07725555555555555,37,191
-1,0.084375,37,191
-1,0.09461666666666667,32,167
-1,0.10277777777777777,23,183
-1,0.12083333333333333,34,167
-1,0.14010277777777777,18,98
-1,0.14774166666666666,22,191
-1,0.15486111111111112,19,191
-1,0.16197777777777778,18,199
-1,0.16909722222222223,14,199
-1,0.17673611111111112,12,199
-1,0.19791666666666666,18,98
-1,0.21024166666666666,14,159
-1,0.21875,18,175
-1,0.25381944444444443,23,50
-1,0.28003333333333336,49,84
-1,0.2869777777777778,57,199
-1,0.2946166666666667,60,183
-1,0.3020833333333333,55,191
-1,0.31128333333333336,56,191
-1,0.3203111111111111,61,159
-1,0.34426944444444446,48,98
-1,0.3590277777777778,60,183
-1,0.36666666666666664,64,199
-1,0.37378333333333336,66,199
-1,0.38090277777777776,65,191
-1,0.3883666666666667,70,191
-1,0.39600555555555556,69,191
-1,0.4036444444444444,71,191
-1,0.41128333333333333,75,191
-1,0.4189222222222222,78,191
-1,0.45416666666666666,1,30
-1,0.48940833333333333,127,35
-1,0.4956583333333333,137,199
-1,0.5027777777777778,148,183
-1,0.5107638888888889,194,191
-1,0.5199638888888889,174,167
-1,0.5270833333333333,187,183
-1,0.537325,200,159
-1,0.5600694444444444,313,91
-1,0.5671861111111111,340,191
-1,0.574825,345,191
-1,0.5824638888888889,346,191
-1,0.5901027777777778,351,199
-1,0.5977416666666666,347,191
-1,0.6053805555555556,350,191
-1,0.6133666666666666,358,191
-1,0.6204861111111111,364,191
-1,0.6276027777777777,372,191
-1,0.6352416666666667,384,191
-1,0.6423611111111112,366,191
-1,0.6494777777777778,338,191
-1,0.6571166666666667,318,191
-1,0.6642361111111111,304,191
-1,0.6713527777777778,288,191
-1,0.6789916666666667,275,191
-1,0.6861111111111111,93,183
-1,0.69375,89,191
-1,0.7012138888888889,84,183
-1,0.7088527777777778,77,191
-1,0.7164916666666666,77,191
-1,0.7241305555555556,75,191
-1,0.7317694444444445,73,191
-1,0.7394083333333333,71,191
-1,0.7465277777777778,72,191
-1,0.7541666666666667,72,191
-1,0.7618055555555555,70,191
-1,0.7692694444444445,70,191
-1,0.7784722222222222,110,191
-1,0.7855888888888889,194,199
-1,0.7927083333333333,193,199
-1,0.7982638888888889,192,199
-1,0.8055555555555556,193,199
-1,0.8126722222222222,191,199
-1,0.8197916666666667,193,199
-1,0.8270833333333333,194,199
-1,0.8342,197,199
-1,0.8402777777777778,197,199
-1,0.8465277777777778,200,199
-1,0.8526027777777778,204,199
-1,0.8586805555555556,207,199
-1,0.8657972222222222,209,199
-1,0.8729166666666667,214,199
-1,0.8800333333333333,196,199
-1,0.8871527777777778,187,191
-1,0.8947916666666667,165,199
-1,0.9024305555555555,155,199
-1,0.9100694444444445,157,199
-1,0.9190972222222222,169,191
-1,0.9288194444444444,171,167
-1,0.9388888888888889,158,167
-1,0.9475694444444445,149,167
-1,0.95625,144,167
-1,0.9649305555555555,142,175
-1,0.9729166666666667,144,183
-1,0.9815972222222222,137,175
-1,0.9892361111111111,130,175
-1,0.996875,128,183
1504844345920,0.005033333333333333,126,183
-1,0.012152777777777778,114,183
-1,0.01875,109,199
-1,0.04010277777777778,43,98
-1,0.04861111111111111,45,175
-1,0.05676944444444444,43,183
-1,0.06649166666666667,44,175
-1,0.07517222222222222,44,175
-1,0.08229166666666667,38,191
-1,0.09253333333333333,40,175
-1,0.10138888888888889,29,175
-1,0.11510277777777778,28,183
-1,0.13854166666666667,18,84
-1,0.14565833333333333,19,183
-1,0.1527777777777778,17,183
-1,0.159375,18,199
-1,0.16545,14,199
-1,0.17152777777777778,17,199
-1,0.17864444444444444,12,191
-1,0.20104166666666667,18,98
-1,0.22586666666666666,15,84
-1,0.2607638888888889,22,40
-1,0.28194444444444444,49,98
-1,0.2890611111111111,55,191
-1,0.29756944444444444,57,183
-1,0.3046861111111111,52,191
-1,0.31475555555555557,60,183
-1,0.32447777777777775,71,167
-1,0.3458333333333333,51,98
-1,0.3619777777777778,59,175
-1,0.368575,65,191
-1,0.3762138888888889,65,183
-1,0.38385277777777776,69,191
-1,0.3914916666666667,67,191
-1,0.39861111111111114,70,191
-1,0.40625,73,191
-1,0.41336666666666666,76,191
-1,0.4204861111111111,88,191
-1,0.45625,1,45
-1,0.49149166666666666,156,55
-1,0.4986111111111111,149,191
-1,0.5057277777777778,138,199
-1,0.5144083333333334,238,183
-1,0.5215277777777778,164,183
-1,0.531075,200,175
-1,0.5576388888888889,275,72
-1,0.5645833333333333,340,191
-1,0.5717,341,191
-1,0.5788194444444444,349,199
-1,0.5859361111111111,350,191
-1,0.5930555555555556,344,191
-1,0.6001722222222222,348,191
-1,0.6078111111111111,351,191
-1,0.61545,364,191
-1,0.6230888888888889,370,191
-1,0.6307277777777778,379,191
-1,0.6383666666666666,380,191
-1,0.6460055555555556,353,191
-1,0.65295,329,191
-1,0.6605888888888889,313,191
-1,0.6682277777777778,294,191
-1,0.6753472222222222,279,191
-1,0.6866305555555555,123,167
-1,0.69375,90,191
-1,0.7012138888888889,82,191
-1,0.7088527777777778,82,191
-1,0.7164916666666666,78,191
-1,0.7241305555555556,76,191
-1,0.7317694444444445,74,191
-1,0.7394083333333333,73,191
-1,0.7465277777777778,74,191
-1,0.7536444444444445,74,191
-1,0.7607638888888889,70,191
-1,0.7678805555555556,69,191
-1,0.775,75,183
-1,0.7815972222222223,198,199
-1,0.7876722222222222,194,199
-1,0.79375,193,199
-1,0.799825,192,199
-1,0.806075,194,199
-1,0.8121527777777777,192,199
-1,0.8182277777777778,193,199
-1,0.825,194,199
-1,0.8315972222222222,198,199
-1,0.8376722222222223,199,199
-1,0.8439222222222222,197,199
-1,0.85,202,199
-1,0.8557277777777778,206,199
-1,0.8618055555555556,208,199
-1,0.8678805555555555,210,199
-1,0.875,209,199
-1,0.8821166666666667,195,199
-1,0.8897555555555555,177,199
-1,0.8973944444444445,160,199
-1,0.9048611111111111,155,191
-1,0.9125,157,191
-1,0.9369777777777778,168,84
-1,0.9465277777777777,153,167
-1,0.9552083333333333,146,167
-1,0.9638888888888889,147,175
-1,0.9710055555555556,135,191
-1,0.9795138888888889,132,175
-1,0.9866305555555556,130,183
-1,0.9953111111111111,126,183
1504844345920,0.00295,128,183
-1,0.010588888888888889,121,183
-1,0.01718611111111111,112,199
-1,0.03958333333333333,48,98
-1,0.04808888888888889,45,175
-1,0.05676944444444444,50,183
-1,0.06597222222222222,40,175
-1,0.07465277777777778,47,167
-1,0.08176944444444445,37,191
-1,0.0920138888888889,37,175
-1,0.10086666666666666,25,183
-1,0.10954722222222223,19,191
-1,0.13801944444444444,18,70
-1,0.1451388888888889,19,191
-1,0.1527777777777778,17,191
-1,0.159375,19,199
-1,0.16545,13,199
-1,0.17152777777777778,17,199
-1,0.17864444444444444,22,191
-1,0.20104166666666667,19,98
-1,0.2234361111111111,18,98
-1,0.25833333333333336,8,45
-1,0.2803805555555556,47,98
-1,0.2875,57,191
-1,0.2960055555555556,56,191
-1,0.303125,54,191
-1,0.3128472222222222,55,191
-1,0.31979166666666664,66,175
-1,0.34375,44,98
-1,0.36006944444444444,52,175
-1,0.3671861111111111,64,191
-1,0.3746527777777778,62,191
-1,0.38176944444444444,66,191
-1,0.3888888888888889,66,191
-1,0.39652777777777776,70,191
-1,0.4041666666666667,69,199
-1,0.41180555555555554,73,191
-1,0.41944444444444445,83,191
-1,0.4546861111111111,131,35
-1,0.48993055555555554,153,35
-1,0.49756944444444445,143,199
-1,0.5052083333333334,137,191
-1,0.5128472222222222,233,175
-1,0.5204861111111111,160,191
-1,0.5291666666666667,187,183
-1,0.5387138888888889,185,159
-1,0.5595472222222222,320,91
-1,0.5666666666666667,339,191
-1,0.5743055555555555,345,191
-1,0.5819444444444445,348,199
-1,0.5895833333333333,349,199
-1,0.5972222222222222,346,191
-1,0.6048611111111111,354,191
-1,0.6128472222222222,359,191
-1,0.6204861111111111,365,191
-1,0.628125,374,191
-1,0.6357638888888889,380,191
-1,0.6434027777777778,365,191
-1,0.6510416666666666,338,191
-1,0.6586805555555556,316,191
-1,0.6663194444444445,299,191
-1,0.6743055555555556,283,191
-1,0.6855888888888889,145,191
-1,0.6927083333333334,91,191
-1,0.7003472222222222,81,191
-1,0.7078111111111111,80,191
-1,0.71545,78,191
-1,0.7225694444444445,74,183
-1,0.7302083333333333,74,191
-1,0.7378472222222222,71,191
-1,0.7449638888888889,73,191
-1,0.7520833333333333,73,191
-1,0.7597222222222222,73,191
-1,0.7668388888888888,71,191
-1,0.7744777777777778,72,191
-1,0.781075,194,199
-1,0.7871527777777778,196,199
-1,0.7932277777777778,194,199
-1,0.7993055555555556,193,199
-1,0.8055555555555556,193,199
-1,0.8116305555555555,196,199
-1,0.8177083333333334,194,199
-1,0.8239583333333333,195,199
-1,0.8315972222222222,197,199
-1,0.8381944444444445,196,199
-1,0.8444444444444444,198,199
-1,0.8505194444444445,205,199
-1,0.85625,207,199
-1,0.862325,209,199
-1,0.8684027777777777,213,199
-1,0.8755194444444444,209,199
-1,0.8831583333333334,198,199
-1,0.8907972222222222,175,199
-1,0.8982638888888889,160,199
-1,0.9059027777777777,157,199
-1,0.9125,160,199
-1,0.9359361111111111,165,98
-1,0.9440972222222223,159,175
-1,0.9526027777777778,155,167
-1,0.9618055555555556,150,175
-1,0.9689222222222222,139,183
-1,0.9776027777777778,138,183
-1,0.9862833333333333,136,167
-1,0.9932277777777778,130,183
1504844345921,0.0008666666666666666,130,191
-1,0.00798611111111111,124,183
-1,0.014583333333333334,111,199
-1,0.028297222222222224,91,199
-1,0.036977777777777776,48,183
-1,0.044097222222222225,39,183
-1,0.05173611111111111,45,183
-1,0.061283333333333335,44,167
-1,0.07013888888888889,45,159
-1,0.07725555555555555,42,191
-1,0.084375,35,191
-1,0.09461666666666667,30,159
-1,0.10329722222222222,25,175
-1,0.12083333333333333,19,159
-1,0.14166666666666666,19,98
-1,0.14878333333333332,22,183
-1,0.15590277777777778,20,191
-1,0.1625,18,199
-1,0.168575,19,199
-1,0.17569444444444443,17,199
-1,0.18524166666666667,27,167
-1,0.1954861111111111,20,167
-1,0.21875,23,84
-1,0.2546861111111111,19,50
-1,0.2795138888888889,47,84
-1,0.2864583333333333,55,191
-1,0.29409722222222223,61,191
-1,0.30104166666666665,56,191
-1,0.3092,51,191
-1,0.3189222222222222,60,159
-1,0.3432277777777778,52,84
-1,0.35954722222222224,45,175
-1,0.3671861111111111,64,191
-1,0.3741305555555556,66,191
-1,0.38125,64,191
-1,0.3888888888888889,67,191
-1,0.39600555555555556,69,191
-1,0.4036444444444444,71,199
-1,0.4107638888888889,75,191
-1,0.4184027777777778,79,191
-1,0.45416666666666666,146,40
-1,0.48940833333333333,153,35
-1,0.4965277777777778,139,199
-1,0.5032972222222222,141,191
-1,0.5112833333333333,194,191
-1,0.5204861111111111,160,159
-1,0.5286444444444445,189,175
-1,0.5565972222222222,262,72
-1,0.5637138888888888,339,191
-1,0.5713527777777778,343,191
-1,0.5788194444444444,349,199
-1,0.5864583333333333,352,199
-1,0.5940972222222223,344,191
-1,0.6017361111111111,348,191
-1,0.609375,355,191
-1,0.6170138888888889,362,191
-1,0.6246527777777777,369,191
-1,0.6322916666666667,379,191
-1,0.6397555555555555,376,191
-1,0.6473944444444445,350,199
-1,0.6550333333333334,323,191
-1,0.6626722222222222,304,191
-1,0.6703111111111111,292,191
-1,0.67795,274,191
-1,0.6855888888888889,90,175
-1,0.6932277777777778,90,191
-1,0.7003472222222222,82,183
-1,0.7074638888888889,78,191
-1,0.7144083333333333,77,191
-1,0.7220472222222222,77,191
-1,0.7296861111111111,74,191
-1,0.737325,72,191
-1,0.7449638888888889,76,191
-1,0.7526027777777777,72,191
-1,0.7602416666666667,69,191
-1,0.7678805555555556,69,191
-1,0.7753472222222222,73,191
-1,0.7821166666666667,193,199
-1,0.7881944444444444,193,199
-1,0.7942694444444445,193,199
-1,0.8003472222222222,192,199
-1,0.8065972222222222,191,199
-1,0.8126722222222222,192,199
-1,0.8197916666666667,192,199
-1,0.8270833333333333,194,199
-1,0.8336805555555555,199,199
-1,0.8402777777777778,199,199
-1,0.8475694444444445,201,199
-1,0.8541666666666666,206,199
-1,0.8602416666666667,206,199
-1,0.8663194444444444,209,199
-1,0.8723944444444445,212,199
-1,0.8784722222222222,194,199
-1,0.8855888888888889,192,199
-1,0.8932277777777777,169,199
-1,0.9008666666666667,157,191
-1,0.9085055555555556,157,199
-1,0.9161444444444444,163,199
-1,0.9399305555555556,167,98
-1,0.9491305555555556,151,167
-1,0.9578111111111111,141,167
-1,0.9659722222222222,140,183
-1,0.9734361111111111,137,183
-1,0.9826388888888888,133,175
-1,0.9913194444444444,129,183
-1,0.9984361111111111,124,175
1504844345921,0.006075,128,191
-1,0.013194444444444444,114,191
-1,0.020658333333333334,110,199
-1,0.04149166666666667,45,98
-1,0.050694444444444445,44,183
-1,0.059375,44,175
-1,0.06805555555555555,35,159
-1,0.07517222222222222,34,175
-1,0.08281111111111111,38,191
-1,0.09305555555555556,32,167
-1,0.10034722222222223,17,183
-1,0.11215277777777778,27,183
-1,0.1375,15,84
-1,0.1451388888888889,14,191
-1,0.15225555555555556,18,191
-1,0.159375,18,191
-1,0.16701388888888888,14,199
-1,0.17308888888888888,15,199
-1,0.18176944444444446,24,183
-1,0.19045,22,167
-1,0.2,23,159
-1,0.2234361111111111,20,98
-1,0.259375,18,45
-1,0.2803805555555556,49,98
-1,0.2875,55,191
-1,0.2960055555555556,54,191
-1,0.303125,54,191
-1,0.312325,56,191
-1,0.32083333333333336,64,159
-1,0.34375,45,98
-1,0.36041666666666666,60,183
-1,0.3675333333333333,65,191
-1,0.3746527777777778,70,191
-1,0.38229166666666664,65,191
-1,0.38940833333333336,69,191
-1,0.39652777777777776,68,191
-1,0.4036444444444444,70,199
-1,0.4107638888888889,73,191
-1,0.4184027777777778,81,191
-1,0.4546861111111111,150,35
-1,0.48993055555555554,114,40
-1,0.49756944444444445,139,199
-1,0.5036444444444445,139,199
-1,0.512325,202,183
-1,0.5210055555555556,161,167
-1,0.5291666666666667,195,175
-1,0.5565972222222222,265,78
-1,0.5637138888888888,339,191
-1,0.5713527777777778,344,191
-1,0.5782972222222222,345,191
-1,0.5848944444444445,348,199
-1,0.5920138888888888,346,199
-1,0.5991305555555556,348,191
-1,0.60625,354,191
-1,0.6138888888888889,359,191
-1,0.6210055555555556,366,191
-1,0.6286444444444445,373,191
-1,0.6362833333333333,384,191
-1,0.6439222222222222,362,191
-1,0.6515611111111111,331,191
-1,0.6592,314,191
-1,0.6666666666666666,298,191
-1,0.6753472222222222,281,191
-1,0.6951388888888889,101,112
-1,0.7022555555555555,81,191
-1,0.709375,77,191
-1,0.7170138888888888,77,191
-1,0.7246527777777778,76,191
-1,0.7322916666666667,72,191
-1,0.7399305555555555,73,191
-1,0.7475694444444444,73,191
-1,0.7550333333333333,73,191
-1,0.7626722222222222,71,191
-1,0.7703111111111111,71,191
-1,0.7795138888888888,135,183
-1,0.7855888888888889,194,199
-1,0.7916666666666666,194,199
-1,0.7977416666666667,190,199
-1,0.8050333333333334,192,199
-1,0.8116305555555555,192,199
-1,0.8177083333333334,194,199
-1,0.8239583333333333,194,199
-1,0.8300333333333333,196,199
-1,0.8362833333333334,196,199
-1,0.8423611111111111,199,199
-1,0.8489583333333334,203,199
-1,0.8552083333333333,207,199
-1,0.8607638888888889,209,199
-1,0.8668388888888889,212,199
-1,0.8739583333333333,214,191
-1,0.881075,196,199
-1,0.8887138888888889,183,191
-1,0.8958333333333334,163,191
-1,0.9034722222222222,156,199
-1,0.9100694444444445,157,199
-1,0.9190972222222222,168,191
-1,0.9430555555555555,161,98
-1,0.9517361111111111,157,167
-1,0.9602416666666667,145,167
-1,0.9689222222222222,138,167
-1,0.9776027777777778,132,175
-1,0.9862833333333333,130,183
-1,0.9947916666666666,128,175
1504844345921,0.0024305555555555556,127,175
-1,0.010069444444444445,118,183
-1,0.016144444444444444,108,199
-1,0.029861111111111113,80,191
-1,0.038019444444444446,37,183
-1,0.04722222222222222,40,175
-1,0.05572777777777778,40,183
-1,0.06440833333333333,42,175
-1,0.07308888888888888,39,167
-1,0.08038055555555555,39,191
-1,0.08958333333333333,40,183
-1,0.09826388888888889,32,159
-1,0.10694444444444444,12,175
-1,0.13801944444444444,20,70
-1,0.1451388888888889,22,191
-1,0.15225555555555556,22,191
-1,0.159375,20,199
-1,0.16597222222222222,12,199
-1,0.1720472222222222,17,199
-1,0.18072777777777776,12,191
-1,0.18940833333333335,23,167
-1,0.19791666666666666,20,175
-1,0.221875,20,98
-1,0.25676944444444444,15,45
-1,0.28003333333333336,48,98
-1,0.2875,58,191
-1,0.2951388888888889,63,183
-1,0.3026027777777778,54,191
-1,0.31180555555555556,57,191
-1,0.31979166666666664,66,159
-1,0.34375,54,98
-1,0.35954722222222224,55,183
-1,0.3675333333333333,63,191
-1,0.3746527777777778,67,191
-1,0.38229166666666664,66,191
-1,0.38940833333333336,69,191
-1,0.39652777777777776,68,191
-1,0.4036444444444444,69,191
-1,0.4107638888888889,74,191
-1,0.4184027777777778,75,191
-1,0.4510416666666667,148,191
-1,0.4864583333333333,1,25
-1,0.49409722222222224,137,191
-1,0.5012138888888888,153,183
-1,0.5088527777777778,163,199
-1,0.5184027777777778,200,191
-1,0.5260416666666666,179,183
-1,0.5545138888888889,243,70
-1,0.5616305555555555,338,191
-1,0.5692694444444445,339,191
-1,0.5769083333333334,345,191
-1,0.5845472222222222,347,199
-1,0.5920138888888888,346,199
-1,0.5996527777777778,350,191
-1,0.6072916666666667,354,191
-1,0.61545,361,191
-1,0.6230888888888889,370,191
-1,0.6307277777777778,374,191
-1,0.6383666666666666,380,191
-1,0.6460055555555556,354,191
-1,0.6534722222222222,328,191
-1,0.6611111111111111,310,191
-1,0.66875,294,191
-1,0.6763888888888889,278,191
-1,0.6940972222222223,92,112
-1,0.7012138888888889,84,183
-1,0.7088527777777778,77,191
-1,0.7164916666666666,79,191
-1,0.7241305555555556,74,191
-1,0.7317694444444445,73,191
-1,0.7394083333333333,73,191
-1,0.7470472222222222,71,191
-1,0.7546861111111111,71,191
-1,0.7621527777777778,69,191
-1,0.7697916666666667,68,191
-1,0.7789916666666666,123,191
-1,0.7861111111111111,194,199
-1,0.7932277777777778,193,199
-1,0.799825,192,199
-1,0.806075,193,199
-1,0.8121527777777777,195,199
-1,0.8182277777777778,193,199
-1,0.8255194444444445,193,199
-1,0.8326388888888889,196,199
-1,0.8387138888888889,200,199
-1,0.8460055555555556,201,199
-1,0.8526027777777778,202,199
-1,0.8592,207,199
-1,0.8652777777777778,210,199
-1,0.8713527777777778,214,199
-1,0.8774305555555556,196,191
-1,0.8850694444444445,196,199
-1,0.8921861111111111,170,191
-1,0.8993055555555556,159,191
-1,0.9069444444444444,159,199
-1,0.9145833333333333,160,199
-1,0.9388888888888889,169,98
-1,0.9475694444444445,157,175
-1,0.95625,149,167
-1,0.9649305555555555,140,175
-1,0.9720472222222222,136,191
-1,0.9805555555555555,133,175
-1,0.9876722222222222,132,183
-1,0.9963527777777778,130,175
1504844345922,0.003991666666666667,126,183
-1,0.011630555555555555,118,183
-1,0.01875,108,199
-1,0.04149166666666667,43,98
-1,0.05017222222222222,40,175
-1,0.058852777777777775,49,183
-1,0.06753333333333333,49,167
-1,0.07621388888888889,38,175
-1,0.08333333333333333,38,191
-1,0.09305555555555556,29,159
-1,0.10034722222222223,24,191
-1,0.11163055555555555,24,183
-1,0.13697777777777778,24,84
-1,0.1440972222222222,19,183
-1,0.1517361111111111,22,191
-1,0.159375,19,191
-1,0.16597222222222222,15,199
-1,0.1720472222222222,17,199
-1,0.18072777777777776,15,191
-1,0.20208333333333334,18,98
-1,0.22447777777777778,18,98
-1,0.259375,19,40
-1,0.28003333333333336,52,98
-1,0.2875,55,191
-1,0.2951388888888889,59,183
-1,0.3026027777777778,55,191
-1,0.3128472222222222,60,191
-1,0.32239444444444443,64,159
-1,0.3463527777777778,49,98
-1,0.37118055555555557,63,84
-1,0.37829722222222223,67,191
-1,0.3859361111111111,71,191
-1,0.393575,67,191
-1,0.40121388888888887,74,191
-1,0.40868055555555555,73,191
-1,0.41631944444444446,76,191
-1,0.4239583333333333,98,191
-1,0.4592,1,35
-1,0.49461666666666665,151,45
-1,0.5017361111111112,150,183
-1,0.509375,180,199
-1,0.5296861111111111,187,112
-1,0.5571166666666667,268,72
-1,0.5642361111111112,339,191
-1,0.5713527777777778,342,191
-1,0.5782972222222222,346,191
-1,0.5859361111111111,349,199
-1,0.593575,344,191
-1,0.6012138888888889,352,191
-1,0.6088527777777778,357,191
-1,0.6164916666666667,365,191
-1,0.6236111111111111,370,191
-1,0.6307277777777778,380,191
-1,0.6378472222222222,380,191
-1,0.6449638888888889,354,191
-1,0.6520833333333333,333,191
-1,0.6597222222222222,313,191
-1,0.6671861111111111,298,191
-1,0.6753472222222222,281,191
-1,0.6946166666666667,99,112
-1,0.7017361111111111,81,191
-1,0.7088527777777778,78,191
-1,0.7159722222222222,81,191
-1,0.7236111111111111,75,191
-1,0.7307277777777778,75,191
-1,0.7383666666666666,72,191
-1,0.7460055555555556,74,191
-1,0.7536444444444445,72,191
-1,0.7612833333333333,69,191
-1,0.76875,70,191
-1,0.7763888888888889,84,191
-1,0.7829861111111112,194,199
-1,0.7890611111111111,196,199
-1,0.7947916666666667,192,199
-1,0.8008666666666666,193,199
-1,0.8069444444444445,195,199
-1,0.8131944444444444,193,199
-1,0.8192694444444445,195,199
-1,0.8255194444444445,195,199
-1,0.8315972222222222,198,199
-1,0.8376722222222223,198,199
-1,0.8439222222222222,199,199
-1,0.85,205,199
-1,0.8581583333333334,208,199
-1,0.8642361111111111,210,199
-1,0.8704861111111111,213,199
-1,0.8774305555555556,201,199
-1,0.8845472222222223,192,199
-1,0.8921861111111111,170,191
-1,0.8993055555555556,160,199
-1,0.9069444444444444,156,191
-1,0.9145833333333333,159,191
-1,0.9385416666666667,164,98
-1,0.9597222222222223,148,98
-1,0.9684027777777777,140,183
-1,0.9770833333333333,134,175
-1,0.9852416666666667,125,175
-1,0.9928805555555555,129,183
1504844345922,0.0019083333333333333,124,175
-1,0.009027777777777777,121,183
-1,0.016144444444444444,109,199
-1,0.04010277777777778,53,98
-1,0.04861111111111111,44,183
-1,0.05572777777777778,45,183
-1,0.06493055555555556,48,167
-1,0.07361111111111111,39,175
-1,0.08090277777777778,39,191
-1,0.090625,42,167
-1,0.09930555555555555,34,167
-1,0.10798611111111112,20,183
-1,0.13697777777777778,19,70
-1,0.14565833333333333,15,183
-1,0.1527777777777778,17,191
-1,0.159375,19,199
-1,0.16545,13,199
-1,0.17152777777777778,17,199
-1,0.1796861111111111,10,191
-1,0.18888888888888888,15,159
-1,0.19739444444444446,14,167
-1,0.2213527777777778,20,98
-1,0.25625,7,45
-1,0.28003333333333336,49,98
-1,0.2869777777777778,56,191
-1,0.2946166666666667,58,183
-1,0.3015611111111111,54,191
-1,0.3092,55,191
-1,0.3371527777777778,66,84
-1,0.3458333333333333,35,183
-1,0.3706583333333333,62,84
-1,0.37777777777777777,64,191
-1,0.3854166666666667,67,191
-1,0.39305555555555555,66,191
-1,0.40069444444444446,71,191
-1,0.40815833333333335,72,191
-1,0.4157972222222222,73,199
-1,0.4234361111111111,98,191
-1,0.4592,1,30
-1,0.4951388888888889,134,45
-1,0.5022555555555556,148,183
-1,0.5107638888888889,178,199
-1,0.5305555555555556,179,112
-1,0.5576388888888889,274,72
-1,0.5645833333333333,339,191
-1,0.5717,342,191
-1,0.5788194444444444,347,199
-1,0.5864583333333333,348,191
-1,0.593575,347,191
-1,0.6012138888888889,349,191
-1,0.6088527777777778,354,191
-1,0.6164916666666667,361,191
-1,0.6236111111111111,371,191
-1,0.63125,375,191
-1,0.6388888888888888,377,191
-1,0.6463527777777778,351,191
-1,0.6539916666666666,329,191
-1,0.6616305555555556,310,191
-1,0.6692694444444445,291,191
-1,0.6774305555555555,275,191
-1,0.6940972222222223,90,126
-1,0.7012138888888889,83,183
-1,0.7088527777777778,81,191
-1,0.7164916666666666,78,191
-1,0.7241305555555556,74,191
-1,0.7317694444444445,73,191
-1,0.7394083333333333,72,191
-1,0.7465277777777778,73,191
-1,0.7536444444444445,72,199
-1,0.7607638888888889,72,191
-1,0.7678805555555556,71,191
-1,0.775,74,191
-1,0.7815972222222223,197,199
-1,0.7876722222222222,194,199
-1,0.79375,196,199
-1,0.7993055555555556,192,199
-1,0.8055555555555556,193,199
-1,0.8116305555555555,192,199
-1,0.81875,194,199
-1,0.8260416666666667,193,199
-1,0.8331583333333333,198,199
-1,0.8397555555555556,198,199
-1,0.8460055555555556,200,199
-1,0.8520833333333333,204,199
-1,0.8581583333333334,207,199
-1,0.8647555555555556,210,199
-1,0.8713527777777778,211,199
-1,0.8784722222222222,195,199
-1,0.8855888888888889,190,199
-1,0.8932277777777777,166,199
-1,0.9008666666666667,157,191
-1,0.9085055555555556,158,199
-1,0.9171861111111111,161,191
-1,0.94045,166,98
-1,0.9501722222222222,150,167
-1,0.9588527777777778,140,167
-1,0.9673611111111111,140,183
-1,0.9744777777777778,139,183
-1,0.9831583333333334,130,167
-1,0.9913194444444444,125,183
1504844345922,0.00034722222222222224,125,175
-1,0.00798611111111111,126,191
-1,0.014583333333333334,108,199
-1,0.026908333333333333,92,199
-1,0.035416666666666666,47,167
-1,0.044097222222222225,45,183
-1,0.05277777777777778,43,175
-1,0.061283333333333335,49,175
-1,0.07118055555555555,43,167
-1,0.07829722222222223,39,191
-1,0.08541666666666667,35,191
-1,0.10538055555555556,22,112
-1,0.13645833333333332,23,70
-1,0.143575,18,183
-1,0.15069444444444444,18,191
-1,0.15833333333333333,19,191
-1,0.16493055555555555,14,199
-1,0.17100555555555555,15,199
-1,0.178125,13,191
-1,0.19947777777777778,14,98
-1,0.22395833333333334,15,98
-1,0.25885277777777776,12,40
-1,0.28003333333333336,52,98
-1,0.2869777777777778,58,191
-1,0.2951388888888889,60,191
-1,0.3026027777777778,54,191
-1,0.3107638888888889,56,191
-1,0.3194444444444444,64,175
-1,0.34426944444444446,43,84
-1,0.36041666666666666,62,175
-1,0.36909722222222224,65,191
-1,0.3767361111111111,67,191
-1,0.38385277777777776,69,191
-1,0.3914916666666667,65,191
-1,0.39913055555555554,73,191
-1,0.40676944444444446,70,191
-1,0.4144083333333333,74,191
-1,0.421875,94,191
-1,0.4578111111111111,1,40
-1,0.4930555555555556,147,40
-1,0.5006944444444444,153,191
-1,0.5072916666666667,148,199
-1,0.5159722222222223,217,183
-1,0.5230888888888889,163,175
-1,0.5321166666666667,196,183
-1,0.5407972222222223,170,159
-1,0.5600694444444444,324,91
-1,0.5671861111111111,341,191
-1,0.574825,347,191
-1,0.5824638888888889,346,199
-1,0.5901027777777778,350,199
-1,0.5977416666666666,346,191
-1,0.6053805555555556,354,191
-1,0.6133666666666666,361,191
-1,0.6210055555555556,366,191
-1,0.628125,373,183
-1,0.6352416666666667,384,191
-1,0.6423611111111112,361,191
-1,0.65,338,183
-1,0.6576388888888889,317,191
-1,0.6652777777777777,301,191
-1,0.6729166666666667,284,191
-1,0.6850694444444444,174,191
-1,0.6921861111111111,91,191
-1,0.6993055555555555,85,183
-1,0.7069444444444445,81,191
-1,0.7140611111111111,77,191
-1,0.7210055555555556,74,191
-1,0.728125,73,191
-1,0.7357638888888889,73,191
-1,0.7428805555555555,73,191
-1,0.7505194444444444,75,199
-1,0.7581583333333334,70,183
-1,0.7657972222222222,69,191
-1,0.7729166666666667,71,191
-1,0.7805555555555556,180,175
-1,0.7871527777777778,195,199
-1,0.7932277777777778,194,199
-1,0.8003472222222222,190,199
-1,0.8069444444444445,193,199
-1,0.8131944444444444,193,199
-1,0.8192694444444445,192,199
-1,0.8255194444444445,195,199
-1,0.8315972222222222,195,199
-1,0.8376722222222223,197,199
-1,0.8439222222222222,197,199
-1,0.8510416666666667,202,199
-1,0.8581583333333334,205,199
-1,0.8652777777777778,210,199
-1,0.8734361111111111,214,199
-1,0.8795138888888889,194,199
-1,0.8866305555555556,190,199
-1,0.89375,165,199
-1,0.9008666666666667,156,191
-1,0.9079861111111112,158,191
-1,0.915625,160,199
-1,0.9251722222222222,175,159
-1,0.9465277777777777,158,98
-1,0.9557277777777777,147,167
-1,0.9644083333333333,138,175
-1,0.9715277777777778,133,191
-1,0.9800333333333333,131,175
-1,0.9887138888888889,128,175
-1,0.9958333333333333,131,183
1504844345923,0.003472222222222222,126,183
-1,0.010588888888888889,120,183
-1,0.01718611111111111,108,199
-1,0.03958333333333333,51,98
-1,0.04808888888888889,44,175
-1,0.05676944444444444,47,183
-1,0.06597222222222222,45,175
-1,0.07413055555555556,43,175
-1,0.08176944444444445,38,191
-1,0.09114444444444444,39,175
-1,0.099825,27,167
-1,0.10798611111111112,22,183
-1,0.13801944444444444,20,70
-1,0.1451388888888889,19,183
-1,0.15225555555555556,18,191
-1,0.159375,15,199
-1,0.16597222222222222,12,199
-1,0.1720472222222222,15,199
-1,0.18072777777777776,14,183
-1,0.18940833333333335,22,159
-1,0.19791666666666666,17,167
-1,0.2213527777777778,14,98
-1,0.25676944444444444,18,45
-1,0.2803805555555556,49,98
-1,0.2875,57,191
-1,0.2951388888888889,59,191
-1,0.3026027777777778,54,199
-1,0.31128333333333336,52,191
-1,0.3203111111111111,62,167
-1,0.3453111111111111,48,84
-1,0.3609361111111111,64,175
-1,0.368575,65,191
-1,0.3767361111111111,66,191
-1,0.38385277777777776,69,191
-1,0.3909722222222222,67,191
-1,0.39861111111111114,71,191
-1,0.40520833333333334,70,191
-1,0.412325,72,191
-1,0.41944444444444445,82,191
-1,0.4546861111111111,1,50
-1,0.48993055555555554,150,45
-1,0.4970472222222222,137,199
-1,0.5036444444444445,139,199
-1,0.512325,205,175
-1,0.5204861111111111,166,183
-1,0.5296861111111111,189,183
-1,0.5565972222222222,268,72
-1,0.5637138888888888,337,191
-1,0.5713527777777778,341,191
-1,0.5788194444444444,344,199
-1,0.5864583333333333,348,199
-1,0.593575,345,191
-1,0.6012138888888889,353,191
-1,0.6088527777777778,356,191
-1,0.6170138888888889,364,191
-1,0.6241305555555555,373,191
-1,0.63125,378,183
-1,0.6383666666666666,382,191
-1,0.6460055555555556,355,191
-1,0.65295,328,191
-1,0.6605888888888889,312,199
-1,0.6682277777777778,294,191
-1,0.674825,279,191
-1,0.6855888888888889,133,191
-1,0.6932277777777778,92,191
-1,0.7003472222222222,84,183
-1,0.7074638888888889,81,191
-1,0.7144083333333333,79,191
-1,0.7220472222222222,76,183
-1,0.7296861111111111,72,191
-1,0.737325,72,191
-1,0.7449638888888889,72,191
-1,0.7526027777777777,75,191
-1,0.7602416666666667,71,191
-1,0.7678805555555556,72,191
-1,0.7753472222222222,75,183
-1,0.7821166666666667,196,199
-1,0.7881944444444444,198,199
-1,0.7942694444444445,194,199
-1,0.8003472222222222,192,199
-1,0.8074638888888889,194,199
-1,0.8147555555555556,193,199
-1,0.821875,193,199
-1,0.8289916666666667,197,199
-1,0.8357638888888889,195,199
-1,0.8418388888888889,199,199
-1,0.8479166666666667,198,199
-1,0.8541666666666666,206,199
-1,0.8597222222222223,207,199
-1,0.8657972222222222,209,199
-1,0.8729166666666667,214,199
-1,0.8795138888888889,194,199
-1,0.8866305555555556,188,199
-1,0.89375,164,199
-1,0.9013888888888889,155,191
-1,0.9090277777777778,157,199
-1,0.9161444444444444,162,191
-1,0.9262138888888889,166,159
-1,0.9359361111111111,164,159
-1,0.9454861111111111,155,167
-1,0.9546861111111111,148,167
-1,0.9633666666666667,141,167
-1,0.9704861111111112,144,191
-1,0.9791666666666666,136,175
-1,0.9876722222222222,131,175
-1,0.9963527777777778,130,175
